Date,Open,High,Low,Close,"Adj Close",Volume
2019-12-10,0.52509999275208,0.5256000161171,0.52509999275208,0.52549999952316,0.52549999952316,401000
2019-12-10,0.52530002593994,0.5256000161171,0.52499997615814,0.52509999275208,0.52509999275208,3908000
2019-12-10,0.52549999952316,0.52600002288818,0.52539998292923,0.52590000629425,0.52590000629425,2065000
2019-12-10,0.52590000629425,0.52640002965927,0.52509999275208,0.52539998292923,0.52539998292923,5497000
2019-12-10,0.52539998292923,0.52549999952316,0.52499997615814,0.52549999952316,0.52549999952316,2219000
2019-12-10,0.52549999952316,0.52549999952316,0.52499997615814,0.52520000934601,0.52520000934601,2057000
2019-12-10,0.52520000934601,0.52549999952316,0.52499997615814,0.52520000934601,0.52520000934601,2049000
2019-12-10,0.52509999275208,0.52549999952316,0.52499997615814,0.52530002593994,0.52530002593994,6984000
2019-12-10,0.52530002593994,0.52539998292923,0.52499997615814,0.52539998292923,0.52539998292923,2521000
2019-12-10,0.52530002593994,0.52539998292923,0.52499997615814,0.52520000934601,0.52520000934601,7045000
2019-12-10,0.52530002593994,0.52740001678467,0.52530002593994,0.52640002965927,0.52640002965927,25854000
2019-12-10,0.52619999647141,0.5271999835968,0.52569997310638,0.52569997310638,0.52569997310638,13417000
2019-12-10,0.52549999952316,0.52549999952316,0.52549999952316,0.52549999952316,0.52549999952316,3993000
2019-12-11,,,,,,
2019-12-11,0.52520000934601,0.52520000934601,0.52520000934601,0.52520000934601,0.52520000934601,0
2019-12-11,0.52520000934601,0.52799999713898,0.52520000934601,0.52600002288818,0.52600002288818,8703000
2019-12-11,0.52609997987747,0.52689999341965,0.52600002288818,0.52640002965927,0.52640002965927,2555000
2019-12-11,0.52640002965927,0.52670001983643,0.52600002288818,0.52670001983643,0.52670001983643,5480000
2019-12-11,0.52660000324249,0.52770000696182,0.52649998664856,0.52700001001358,0.52700001001358,17788000
2019-12-11,0.52700001001358,0.52770000696182,0.52670001983643,0.52700001001358,0.52700001001358,11698000
2019-12-11,0.5271999835968,0.52740001678467,0.52649998664856,0.5271999835968,0.5271999835968,6345000
2019-12-11,0.5271999835968,0.52749997377396,0.52649998664856,0.52710002660751,0.52710002660751,5022000
2019-12-11,0.52740001678467,0.52759999036789,0.52630001306534,0.52670001983643,0.52670001983643,12356000
2019-12-11,0.52710002660751,0.52770000696182,0.52619999647141,0.52740001678467,0.52740001678467,15871000
2019-12-11,0.52740001678467,0.5314000248909,0.52710002660751,0.5310999751091,0.5310999751091,103636000
2019-12-11,0.5310999751091,0.5314000248909,0.52950000762939,0.52950000762939,0.52950000762939,22639000
2019-12-11,0.52960002422333,0.53049999475479,0.52950000762939,0.53020000457764,0.53020000457764,11605000
2019-12-11,0.53030002117157,0.53049999475479,0.52999997138977,0.52999997138977,0.52999997138977,8754000
2019-12-11,0.53030002117157,0.53030002117157,0.52939999103546,0.52960002422333,0.52960002422333,10061000
2019-12-11,0.52960002422333,0.53049999475479,0.52929997444153,0.52969998121262,0.52969998121262,5635000
2019-12-11,0.52969998121262,0.52990001440048,0.5281999707222,0.52910000085831,0.52910000085831,17603000
2019-12-11,0.52920001745224,0.52950000762939,0.5281999707222,0.52869999408722,0.52869999408722,8937000
2019-12-11,0.52869999408722,0.52910000085831,0.52869999408722,0.52869999408722,0.52869999408722,5761000
2019-12-11,0.52890002727509,0.52939999103546,0.52880001068115,0.52880001068115,0.52880001068115,4550000
2019-12-11,0.52899998426437,0.52950000762939,0.52880001068115,0.52910000085831,0.52910000085831,1959000
2019-12-11,0.52910000085831,0.52929997444153,0.52869999408722,0.52929997444153,0.52929997444153,5965000
2019-12-11,0.52929997444153,0.52939999103546,0.52880001068115,0.52920001745224,0.52920001745224,2746000
2019-12-11,0.52920001745224,0.52920001745224,0.52869999408722,0.52890002727509,0.52890002727509,2282000
2019-12-11,0.52880001068115,0.52899998426437,0.52869999408722,0.52899998426437,0.52899998426437,9303000
2019-12-11,0.52899998426437,0.52950000762939,0.52869999408722,0.52899998426437,0.52899998426437,12328000
2019-12-11,0.52890002727509,0.52920001745224,0.52749997377396,0.52759999036789,0.52759999036789,14446000
2019-12-11,0.52749997377396,0.5281999707222,0.52670001983643,0.52799999713898,0.52799999713898,10328000
2019-12-11,0.52799999713898,0.52840000391006,0.52759999036789,0.52759999036789,0.52759999036789,5729000
2019-12-11,0.52799999713898,0.52869999408722,0.52780002355576,0.52869999408722,0.52869999408722,2918000
2019-12-11,0.528500020504,0.52910000085831,0.528500020504,0.52890002727509,0.52890002727509,6011000
2019-12-11,0.52880001068115,0.52920001745224,0.52869999408722,0.52910000085831,0.52910000085831,3274000
2019-12-11,0.52899998426437,0.52939999103546,0.52869999408722,0.52899998426437,0.52899998426437,7451000
2019-12-11,0.52899998426437,0.53030002117157,0.52890002727509,0.52939999103546,0.52939999103546,33190000
2019-12-11,0.52939999103546,0.52950000762939,0.52840000391006,0.528500020504,0.528500020504,6315000
2019-12-11,0.52869999408722,0.52979999780655,0.52840000391006,0.52899998426437,0.52899998426437,7965000
2019-12-11,0.52840000391006,0.52840000391006,0.52840000391006,0.52840000391006,0.52840000391006,3274000
2019-12-12,,,,,,
2019-12-12,0.52960002422333,0.52960002422333,0.52960002422333,0.52960002422333,0.52960002422333,0
2019-12-12,0.52960002422333,0.53049999475479,0.52890002727509,0.53039997816086,0.53039997816086,21936000
2019-12-12,0.53020000457764,0.53060001134872,0.52939999103546,0.53049999475479,0.53049999475479,13500000
2019-12-12,0.53049999475479,0.53049999475479,0.5300999879837,0.53049999475479,0.53049999475479,10422000
2019-12-12,0.53049999475479,0.53049999475479,0.53020000457764,0.53030002117157,0.53030002117157,5462000
2019-12-12,0.53039997816086,0.53049999475479,0.52929997444153,0.52950000762939,0.52950000762939,18462000
2019-12-12,0.52939999103546,0.52950000762939,0.52730000019073,0.52770000696182,0.52770000696182,21941000
2019-12-12,0.52749997377396,0.52829998731613,0.52730000019073,0.52780002355576,0.52780002355576,7537000
2019-12-12,0.52780002355576,0.52840000391006,0.52759999036789,0.52810001373291,0.52810001373291,10926000
2019-12-12,0.52789998054504,0.5281999707222,0.52759999036789,0.52770000696182,0.52770000696182,7043000
2019-12-12,0.52789998054504,0.528500020504,0.52770000696182,0.52789998054504,0.52789998054504,7582000
2019-12-12,0.52789998054504,0.52799999713898,0.52759999036789,0.52770000696182,0.52770000696182,5301000
2019-12-12,0.52780002355576,0.52780002355576,0.52660000324249,0.52710002660751,0.52710002660751,17502000
2019-12-12,0.52710002660751,0.52890002727509,0.52679997682571,0.52810001373291,0.52810001373291,22476000
2019-12-12,0.52789998054504,0.52829998731613,0.52700001001358,0.52730000019073,0.52730000019073,8938000
2019-12-12,0.52730000019073,0.52759999036789,0.52700001001358,0.52730000019073,0.52730000019073,5758000
2019-12-12,0.52749997377396,0.52770000696182,0.52700001001358,0.5271999835968,0.5271999835968,6986000
2019-12-12,0.52700001001358,0.52759999036789,0.52700001001358,0.52730000019073,0.52730000019073,8477000
2019-12-12,0.52730000019073,0.52730000019073,0.52700001001358,0.52700001001358,0.52700001001358,5517000
2019-12-12,0.52710002660751,0.52759999036789,0.52670001983643,0.52700001001358,0.52700001001358,9133000
2019-12-12,0.5271999835968,0.52840000391006,0.5271999835968,0.52829998731613,0.52829998731613,16884000
2019-12-12,0.52829998731613,0.52859997749329,0.52749997377396,0.52749997377396,0.52749997377396,9671000
2019-12-12,0.52799999713898,0.52799999713898,0.52789998054504,0.52799999713898,0.52799999713898,8470000
2019-12-12,0.52799999713898,0.52799999713898,0.52679997682571,0.52759999036789,0.52759999036789,20999000
2019-12-12,0.52759999036789,0.52789998054504,0.5271999835968,0.52780002355576,0.52780002355576,4377000
2019-12-12,0.5271999835968,0.52730000019073,0.52600002288818,0.52609997987747,0.52609997987747,13157000
2019-12-12,0.52619999647141,0.52640002965927,0.52579998970032,0.52619999647141,0.52619999647141,5868000
2019-12-12,0.52609997987747,0.52630001306534,0.52569997310638,0.52600002288818,0.52600002288818,6644000
2019-12-12,0.52590000629425,0.52640002965927,0.52579998970032,0.52630001306534,0.52630001306534,6505000
2019-12-12,0.52609997987747,0.52630001306534,0.52450001239777,0.52499997615814,0.52499997615814,37128000
2019-12-12,0.52499997615814,0.52499997615814,0.52249997854233,0.52300000190735,0.52300000190735,46115000
2019-12-12,0.52270001173019,0.5242999792099,0.52270001173019,0.52369999885559,0.52369999885559,11932000
2019-12-12,0.52380001544952,0.52389997243881,0.52249997854233,0.52280002832413,0.52280002832413,32934000
2019-12-12,0.52280002832413,0.52380001544952,0.52160000801086,0.52369999885559,0.52369999885559,32442000
2019-12-12,0.52369999885559,0.52439999580383,0.5232999920845,0.52420002222061,0.52420002222061,11734000
2019-12-12,0.52410000562668,0.52450001239777,0.52369999885559,0.52389997243881,0.52389997243881,24183000
2019-12-12,0.52389997243881,0.52389997243881,0.52389997243881,0.52389997243881,0.52389997243881,5851000
2019-12-13,,,,,,
2019-12-13,0.52689999341965,0.52689999341965,0.52689999341965,0.52689999341965,0.52689999341965,0
2019-12-13,0.52609997987747,0.52770000696182,0.52319997549057,0.52439999580383,0.52439999580383,31147000
2019-12-13,0.52439999580383,0.5256000161171,0.52359998226166,0.52359998226166,0.52359998226166,13016000
2019-12-13,0.52399998903275,0.5246000289917,0.52350002527237,0.52410000562668,0.52410000562668,8949000
2019-12-13,0.52410000562668,0.52469998598099,0.52369999885559,0.52369999885559,0.52369999885559,6364000
2019-12-13,0.52369999885559,0.52499997615814,0.52359998226166,0.52490001916885,0.52490001916885,7945000
2019-12-13,0.52499997615814,0.52670001983643,0.52499997615814,0.52640002965927,0.52640002965927,29869000
2019-12-13,0.52640002965927,0.52670001983643,0.52569997310638,0.52630001306534,0.52630001306534,12546000
2019-12-13,0.52630001306534,0.52630001306534,0.52499997615814,0.52530002593994,0.52530002593994,5228000
2019-12-13,0.52509999275208,0.52549999952316,0.52439999580383,0.52480000257492,0.52480000257492,7505000
2019-12-13,0.52480000257492,0.52520000934601,0.52399998903275,0.52499997615814,0.52499997615814,6269000
2019-12-13,0.52499997615814,0.52530002593994,0.52420002222061,0.52480000257492,0.52480000257492,5073000
2019-12-13,0.52480000257492,0.52509999275208,0.52420002222061,0.52439999580383,0.52439999580383,5981000
2019-12-13,0.5246000289917,0.5246000289917,0.52410000562668,0.5242999792099,0.5242999792099,3937000
2019-12-13,0.52410000562668,0.5256000161171,0.52380001544952,0.52539998292923,0.52539998292923,9322000
2019-12-13,0.52539998292923,0.52569997310638,0.52380001544952,0.52410000562668,0.52410000562668,5518000
2019-12-13,0.52399998903275,0.5242999792099,0.52310001850128,0.5232999920845,0.5232999920845,9189000
2019-12-13,0.5232999920845,0.52389997243881,0.52300000190735,0.52389997243881,0.52389997243881,7385000
2019-12-13,0.52359998226166,0.52389997243881,0.52319997549057,0.52359998226166,0.52359998226166,4350000
2019-12-13,0.52399998903275,0.52399998903275,0.52369999885559,0.52380001544952,0.52380001544952,4247000
2019-12-13,0.52399998903275,0.52410000562668,0.5232999920845,0.52340000867844,0.52340000867844,8068000
2019-12-13,0.52350002527237,0.52380001544952,0.52230000495911,0.5232999920845,0.5232999920845,20875000
2019-12-13,0.5232999920845,0.52350002527237,0.52300000190735,0.52350002527237,0.52350002527237,1526000
2019-12-13,0.52350002527237,0.52359998226166,0.52300000190735,0.5232999920845,0.5232999920845,2362000
2019-12-13,0.52369999885559,0.52389997243881,0.52350002527237,0.52389997243881,0.52389997243881,5974000
2019-12-13,0.52359998226166,0.5242999792099,0.52359998226166,0.52420002222061,0.52420002222061,1999000
2019-12-13,0.52420002222061,0.52509999275208,0.52399998903275,0.52499997615814,0.52499997615814,8015000
2019-12-13,0.52499997615814,0.5256000161171,0.52469998598099,0.52520000934601,0.52520000934601,7494000
2019-12-13,0.52499997615814,0.5256000161171,0.52480000257492,0.52509999275208,0.52509999275208,4326000
2019-12-13,0.52509999275208,0.52530002593994,0.52399998903275,0.52439999580383,0.52439999580383,9395000
2019-12-13,0.52410000562668,0.52469998598099,0.52410000562668,0.52469998598099,0.52469998598099,3017000
2019-12-13,0.52469998598099,0.52469998598099,0.52359998226166,0.52410000562668,0.52410000562668,7897000
2019-12-13,0.52389997243881,0.52410000562668,0.52359998226166,0.52399998903275,0.52399998903275,1061000
2019-12-13,0.52399998903275,0.52469998598099,0.52359998226166,0.52380001544952,0.52380001544952,9550000
2019-12-13,0.52399998903275,0.52490001916885,0.52380001544952,0.5246000289917,0.5246000289917,7479000
2019-12-13,0.52439999580383,0.52490001916885,0.52350002527237,0.52359998226166,0.52359998226166,14005000
2019-12-13,0.5232999920845,0.5232999920845,0.5232999920845,0.5232999920845,0.5232999920845,3712000
2019-12-16,,,,,,
2019-12-16,0.52499997615814,0.52499997615814,0.52499997615814,0.52499997615814,0.52499997615814,0
2019-12-16,0.52480000257492,0.52539998292923,0.52380001544952,0.52469998598099,0.52469998598099,19047000
2019-12-16,0.52469998598099,0.52469998598099,0.52380001544952,0.52410000562668,0.52410000562668,7309000
2019-12-16,0.52410000562668,0.52450001239777,0.52359998226166,0.5242999792099,0.5242999792099,7101000
2019-12-16,0.52399998903275,0.52509999275208,0.52399998903275,0.52399998903275,0.52399998903275,27325000
2019-12-16,0.52410000562668,0.52410000562668,0.52259999513626,0.52319997549057,0.52319997549057,35433000
2019-12-16,0.52300000190735,0.5232999920845,0.52259999513626,0.52289998531342,0.52289998531342,13221000
2019-12-16,0.52280002832413,0.52310001850128,0.52240002155304,0.52289998531342,0.52289998531342,15026000
2019-12-16,0.52289998531342,0.52289998531342,0.52249997854233,0.52270001173019,0.52270001173019,3456000
2019-12-16,0.52270001173019,0.52280002832413,0.52240002155304,0.52280002832413,0.52280002832413,4142000
2019-12-16,0.52280002832413,0.52369999885559,0.52259999513626,0.52300000190735,0.52300000190735,10623000
2019-12-16,0.52310001850128,0.52350002527237,0.52270001173019,0.52310001850128,0.52310001850128,9356000
2019-12-16,0.52310001850128,0.52319997549057,0.52249997854233,0.52249997854233,0.52249997854233,5008000
2019-12-16,0.52249997854233,0.52289998531342,0.52209997177124,0.52259999513626,0.52259999513626,17598000
2019-12-16,0.52259999513626,0.52340000867844,0.5217000246048,0.5232999920845,0.5232999920845,25673000
2019-12-16,0.52289998531342,0.5232999920845,0.52270001173019,0.52310001850128,0.52310001850128,20305000
2019-12-16,0.52310001850128,0.52670001983643,0.52310001850128,0.52520000934601,0.52520000934601,91137000
2019-12-16,0.52539998292923,0.52539998292923,0.52420002222061,0.5246000289917,0.5246000289917,10101000
2019-12-16,0.52480000257492,0.52480000257492,0.52410000562668,0.52420002222061,0.52420002222061,4658000
2019-12-16,0.52410000562668,0.52420002222061,0.52369999885559,0.52369999885559,0.52369999885559,12631000
2019-12-16,0.52359998226166,0.52389997243881,0.5232999920845,0.52389997243881,0.52389997243881,7984000
2019-12-16,0.52389997243881,0.52389997243881,0.52369999885559,0.52369999885559,0.52369999885559,3903000
2019-12-16,0.52420002222061,0.5242999792099,0.52389997243881,0.5242999792099,0.5242999792099,18374000
2019-12-16,0.52469998598099,0.52609997987747,0.52439999580383,0.52600002288818,0.52600002288818,33758000
2019-12-16,0.52609997987747,0.52640002965927,0.52609997987747,0.52630001306534,0.52630001306534,81137000
2019-12-16,0.52649998664856,0.52660000324249,0.52640002965927,0.52640002965927,0.52640002965927,64572000
2019-12-16,0.52660000324249,0.52710002660751,0.52649998664856,0.52670001983643,0.52670001983643,18650000
2019-12-16,0.52670001983643,0.52689999341965,0.52590000629425,0.52640002965927,0.52640002965927,14391000
2019-12-16,0.52670001983643,0.52670001983643,0.52539998292923,0.52579998970032,0.52579998970032,8190000
2019-12-16,0.52579998970032,0.52619999647141,0.52530002593994,0.52579998970032,0.52579998970032,9920000
2019-12-16,0.52590000629425,0.52609997987747,0.52539998292923,0.52609997987747,0.52609997987747,15965000
2019-12-16,0.52609997987747,0.52630001306534,0.5256000161171,0.52609997987747,0.52609997987747,12119000
2019-12-16,0.52609997987747,0.52630001306534,0.52579998970032,0.52619999647141,0.52619999647141,22081000
2019-12-16,0.52619999647141,0.52679997682571,0.52590000629425,0.52600002288818,0.52600002288818,34542000
2019-12-16,0.52590000629425,0.52670001983643,0.52569997310638,0.52630001306534,0.52630001306534,33761000
2019-12-16,0.52630001306534,0.52679997682571,0.52569997310638,0.52679997682571,0.52679997682571,27890000
2019-12-16,0.52679997682571,0.52679997682571,0.52679997682571,0.52679997682571,0.52679997682571,4738000
2019-12-17,,,,,,
2019-12-17,0.52679997682571,0.52679997682571,0.52679997682571,0.52679997682571,0.52679997682571,0
2019-12-17,0.52700001001358,0.52939999103546,0.52689999341965,0.52899998426437,0.52899998426437,26956000
2019-12-17,0.528500020504,0.52920001745224,0.52829998731613,0.52859997749329,0.52859997749329,14415000
2019-12-17,0.52859997749329,0.52910000085831,0.52799999713898,0.5281999707222,0.5281999707222,18318000
2019-12-17,0.5281999707222,0.528500020504,0.52759999036789,0.5281999707222,0.5281999707222,15765000
2019-12-17,0.52799999713898,0.52840000391006,0.52649998664856,0.52689999341965,0.52689999341965,20408000
2019-12-17,0.52700001001358,0.52730000019073,0.52660000324249,0.52700001001358,0.52700001001358,15592000
2019-12-17,0.52700001001358,0.52749997377396,0.52630001306534,0.52749997377396,0.52749997377396,36136000
2019-12-17,0.52740001678467,0.52829998731613,0.5271999835968,0.5281999707222,0.5281999707222,11743000
2019-12-17,0.52780002355576,0.52869999408722,0.52780002355576,0.52859997749329,0.52859997749329,14449000
2019-12-17,0.52859997749329,0.52960002422333,0.52829998731613,0.52880001068115,0.52880001068115,53682000
2019-12-17,0.52880001068115,0.52899998426437,0.52859997749329,0.52859997749329,0.52859997749329,7376000
2019-12-17,0.52859997749329,0.52899998426437,0.52829998731613,0.52899998426437,0.52899998426437,8111000
2019-12-17,0.52890002727509,0.52899998426437,0.52859997749329,0.52880001068115,0.52880001068115,10825000
2019-12-17,0.52899998426437,0.52899998426437,0.52869999408722,0.52890002727509,0.52890002727509,3829000
2019-12-17,0.52880001068115,0.52899998426437,0.52789998054504,0.52890002727509,0.52890002727509,37968000
2019-12-17,0.52890002727509,0.53090000152588,0.52880001068115,0.53070002794266,0.53070002794266,46036000
2019-12-17,0.53060001134872,0.53100001811981,0.52979999780655,0.53039997816086,0.53039997816086,15156000
2019-12-17,0.53039997816086,0.53039997816086,0.52939999103546,0.52999997138977,0.52999997138977,5647000
2019-12-17,0.53020000457764,0.53020000457764,0.52950000762939,0.52999997138977,0.52999997138977,9772000
2019-12-17,0.52999997138977,0.53079998493195,0.52999997138977,0.53070002794266,0.53070002794266,10084000
2019-12-17,0.53079998493195,0.53229999542236,0.53049999475479,0.53200000524521,0.53200000524521,26247000
2019-12-17,0.53179997205734,0.53259998559952,0.53149998188019,0.53229999542236,0.53229999542236,13565000
2019-12-17,0.53210002183914,0.53250002861023,0.5314000248909,0.53200000524521,0.53200000524521,11899000
2019-12-17,0.53200000524521,0.53259998559952,0.53179997205734,0.53229999542236,0.53229999542236,11128000
2019-12-17,0.53250002861023,0.53280001878738,0.53170001506805,0.5324000120163,0.5324000120163,18525000
2019-12-17,0.53229999542236,0.53479999303818,0.53219997882843,0.53420001268387,0.53420001268387,44112000
2019-12-17,0.53420001268387,0.54089999198914,0.53420001268387,0.53890001773834,0.53890001773834,249557000
2019-12-17,0.53899997472763,0.54589998722076,0.53899997472763,0.54430001974106,0.54430001974106,206095000
2019-12-17,0.54430001974106,0.55299997329712,0.54420000314713,0.54559999704361,0.54559999704361,322303000
2019-12-17,0.54570001363754,0.54869997501373,0.54530000686646,0.54610002040863,0.54610002040863,74398000
2019-12-17,0.54610002040863,0.54900002479553,0.5460000038147,0.54729998111725,0.54729998111725,51896000
2019-12-17,0.54699999094009,0.54769998788834,0.5460000038147,0.54629999399185,0.54629999399185,42014000
2019-12-17,0.54610002040863,0.5479000210762,0.5460000038147,0.5475999712944,0.5475999712944,34372000
2019-12-17,0.54780000448227,0.54799997806549,0.54449999332428,0.5460000038147,0.5460000038147,86069000
2019-12-17,0.54629999399185,0.55129998922348,0.54509997367859,0.55089998245239,0.55089998245239,172627000
2019-12-17,0.55000001192093,0.55000001192093,0.55000001192093,0.55000001192093,0.55000001192093,56427000
2019-12-18,,,,,,
2019-12-18,0.55349999666214,0.55349999666214,0.55349999666214,0.55349999666214,0.55349999666214,0
2019-12-18,0.55349999666214,0.55800002813339,0.55220001935959,0.55479997396469,0.55479997396469,298402000
2019-12-18,0.55510002374649,0.56000000238419,0.5547000169754,0.5547000169754,0.5547000169754,157421000
2019-12-18,0.5547000169754,0.55849999189377,0.55449998378754,0.55720001459122,0.55720001459122,62771000
2019-12-18,0.55739998817444,0.55830001831055,0.55599999427795,0.55699998140335,0.55699998140335,53836000
2019-12-18,0.55699998140335,0.56590002775192,0.55699998140335,0.56550002098083,0.56550002098083,279616000
2019-12-18,0.56569999456406,0.5663999915123,0.56339997053146,0.56449997425079,0.56449997425079,130306000
2019-12-18,0.56449997425079,0.56660002470016,0.56410002708435,0.5663999915123,0.5663999915123,118331000
2019-12-18,0.56660002470016,0.56749999523163,0.56569999456406,0.56709998846054,0.56709998846054,73493000
2019-12-18,0.56690001487732,0.56749999523163,0.56499999761581,0.56519997119904,0.56519997119904,91182000
2019-12-18,0.56529998779297,0.56679999828339,0.56519997119904,0.56660002470016,0.56660002470016,29969000
2019-12-18,0.56660002470016,0.56720000505447,0.5654000043869,0.56720000505447,0.56720000505447,65162000
2019-12-18,0.56709998846054,0.56730002164841,0.5654000043869,0.56590002775192,0.56590002775192,37413000
2019-12-18,0.56599998474121,0.56669998168945,0.56499999761581,0.56590002775192,0.56590002775192,59330000
2019-12-18,0.56580001115799,0.56650000810623,0.56499999761581,0.56569999456406,0.56569999456406,47612000
2019-12-18,0.56529998779297,0.56569999456406,0.56499999761581,0.56550002098083,0.56550002098083,25444000
2019-12-18,0.5654000043869,0.56720000505447,0.5654000043869,0.56679999828339,0.56679999828339,24743000
2019-12-18,0.56690001487732,0.56989997625351,0.56650000810623,0.56980001926422,0.56980001926422,77073000
2019-12-18,0.56980001926422,0.57169997692108,0.56800001859665,0.57169997692108,0.57169997692108,122634000
2019-12-18,0.57150000333786,0.57190001010895,0.56870001554489,0.57050001621246,0.57050001621246,77819000
2019-12-18,0.57050001621246,0.57190001010895,0.56999999284744,0.57130002975464,0.57130002975464,35816000
2019-12-18,0.57130002975464,0.57209998369217,0.56870001554489,0.56940001249313,0.56940001249313,101489000
2019-12-18,0.56940001249313,0.57039999961853,0.56879997253418,0.56970000267029,0.56970000267029,66048000
2019-12-18,0.56970000267029,0.56970000267029,0.56559997797012,0.56569999456406,0.56569999456406,100217000
2019-12-18,0.56580001115799,0.56699997186661,0.56559997797012,0.56679999828339,0.56679999828339,31006000
2019-12-18,0.56679999828339,0.56819999217987,0.5654000043869,0.56569999456406,0.56569999456406,28611000
2019-12-18,0.56599998474121,0.56669998168945,0.56499999761581,0.56569999456406,0.56569999456406,81009000
2019-12-18,0.56590002775192,0.56749999523163,0.56569999456406,0.56610000133514,0.56610000133514,17756000
2019-12-18,0.56620001792908,0.56790000200272,0.56599998474121,0.56730002164841,0.56730002164841,26714000
2019-12-18,0.56709998846054,0.56910002231598,0.56650000810623,0.56800001859665,0.56800001859665,34677000
2019-12-18,0.56790000200272,0.56900000572205,0.56779998540878,0.56870001554489,0.56870001554489,23949000
2019-12-18,0.56870001554489,0.56870001554489,0.56000000238419,0.56370002031326,0.56370002031326,179898000
2019-12-18,0.56360000371933,0.56370002031326,0.56129997968674,0.56330001354218,0.56330001354218,36820000
2019-12-18,0.56330001354218,0.56339997053146,0.56129997968674,0.5615000128746,0.5615000128746,41388000
2019-12-18,0.56129997968674,0.56279999017715,0.56000000238419,0.56260001659393,0.56260001659393,72676000
2019-12-18,0.56260001659393,0.56470000743866,0.56160002946854,0.56430000066757,0.56430000066757,43806000
2019-12-18,0.5625,0.5625,0.5625,0.5625,0.5625,14096000
2019-12-19,,,,,,
2019-12-19,0.56449997425079,0.56449997425079,0.56449997425079,0.56449997425079,0.56449997425079,0
2019-12-19,0.56449997425079,0.56730002164841,0.56010001897812,0.56629997491837,0.56629997491837,98785000
2019-12-19,0.56620001792908,0.56950002908707,0.5654000043869,0.56720000505447,0.56720000505447,51783000
2019-12-19,0.56720000505447,0.56840002536774,0.56559997797012,0.56720000505447,0.56720000505447,41330000
2019-12-19,0.56720000505447,0.5673999786377,0.56169998645782,0.56339997053146,0.56339997053146,66955000
2019-12-19,0.56309998035431,0.56370002031326,0.56050002574921,0.56279999017715,0.56279999017715,64021000
2019-12-19,0.56239998340607,0.56379997730255,0.56239998340607,0.56290000677109,0.56290000677109,42433000
2019-12-19,0.56279999017715,0.56400001049042,0.56260001659393,0.56339997053146,0.56339997053146,24235000
2019-12-19,0.56330001354218,0.56389999389648,0.56290000677109,0.56370002031326,0.56370002031326,20892000
2019-12-19,0.56389999389648,0.56410002708435,0.55800002813339,0.55980002880096,0.55980002880096,150683000
2019-12-19,0.55980002880096,0.56069999933243,0.55800002813339,0.55809998512268,0.55809998512268,24070000
2019-12-19,0.55820000171661,0.55919998884201,0.5576000213623,0.5586000084877,0.5586000084877,26109000
2019-12-19,0.5586000084877,0.55900001525879,0.55500000715256,0.55580002069473,0.55580002069473,59636000
2019-12-19,0.5557000041008,0.55769997835159,0.55529999732971,0.55739998817444,0.55739998817444,27845000
2019-12-19,0.55729997158051,0.56000000238419,0.55699998140335,0.55949997901917,0.55949997901917,32024000
2019-12-19,0.55970001220703,0.56160002946854,0.55949997901917,0.55989998579025,0.55989998579025,42642000
2019-12-19,0.55989998579025,0.55989998579025,0.55529999732971,0.55680000782013,0.55680000782013,46844000
2019-12-19,0.55680000782013,0.55720001459122,0.55250000953674,0.55430001020432,0.55430001020432,89516000
2019-12-19,0.55449998378754,0.55720001459122,0.55119997262955,0.55269998311996,0.55269998311996,143753000
2019-12-19,0.55269998311996,0.55400002002716,0.55159997940063,0.55400002002716,0.55400002002716,36065000
2019-12-19,0.55379998683929,0.55440002679825,0.5508000254631,0.5527999997139,0.5527999997139,47027000
2019-12-19,0.5527999997139,0.55629998445511,0.55210000276566,0.55400002002716,0.55400002002716,70330000
2019-12-19,0.55400002002716,0.55430001020432,0.55110001564026,0.55330002307892,0.55330002307892,84472000
2019-12-19,0.55330002307892,0.55629998445511,0.55250000953674,0.55540001392365,0.55540001392365,52120000
2019-12-19,0.55540001392365,0.55729997158051,0.55460000038147,0.55709999799728,0.55709999799728,28564000
2019-12-19,0.55709999799728,0.55709999799728,0.5547000169754,0.55510002374649,0.55510002374649,11732000
2019-12-19,0.55529999732971,0.55549997091293,0.55250000953674,0.55250000953674,0.55250000953674,27024000
2019-12-19,0.55250000953674,0.55419999361038,0.55059999227524,0.55409997701645,0.55409997701645,71646000
2019-12-19,0.55409997701645,0.55409997701645,0.55199998617172,0.55210000276566,0.55210000276566,8650000
2019-12-19,0.55210000276566,0.55250000953674,0.55059999227524,0.5508000254631,0.5508000254631,43572000
2019-12-19,0.5508000254631,0.55159997940063,0.55019998550415,0.55150002241135,0.55150002241135,30498000
2019-12-19,0.55190002918243,0.55320000648499,0.55019998550415,0.55140000581741,0.55140000581741,44016000
2019-12-19,0.55150002241135,0.55220001935959,0.54900002479553,0.55059999227524,0.55059999227524,123047000
2019-12-19,0.55040001869202,0.55199998617172,0.55010002851486,0.55089998245239,0.55089998245239,41758000
2019-12-19,0.55059999227524,0.5518000125885,0.55030000209808,0.55159997940063,0.55159997940063,21613000
2019-12-19,0.55169999599457,0.55190002918243,0.5504999756813,0.5504999756813,0.5504999756813,21800000
2019-12-19,0.55190002918243,0.55190002918243,0.55190002918243,0.55190002918243,0.55190002918243,9320000
2019-12-20,,,,,,
2019-12-20,0.55290001630783,0.55290001630783,0.55290001630783,0.55290001630783,0.55290001630783,0
2019-12-20,0.55269998311996,0.55320000648499,0.549899995327,0.55250000953674,0.55250000953674,47657000
2019-12-20,0.5527999997139,0.55739998817444,0.55220001935959,0.5547000169754,0.5547000169754,96442000
2019-12-20,0.55489999055862,0.55650001764297,0.55369997024536,0.55489999055862,0.55489999055862,37622000
2019-12-20,0.55460000038147,0.55580002069473,0.55449998378754,0.55510002374649,0.55510002374649,12212000
2019-12-20,0.5557000041008,0.55599999427795,0.55409997701645,0.55419999361038,0.55419999361038,25209000
2019-12-20,0.55419999361038,0.55479997396469,0.55390000343323,0.5547000169754,0.5547000169754,12398000
2019-12-20,0.55489999055862,0.56290000677109,0.55489999055862,0.56110000610352,0.56110000610352,233981000
2019-12-20,0.56089997291565,0.5634999871254,0.55919998884201,0.55989998579025,0.55989998579025,107089000
2019-12-20,0.5595999956131,0.5615000128746,0.55949997901917,0.56099998950958,0.56099998950958,28743000
2019-12-20,0.56080001592636,0.56129997968674,0.56000000238419,0.56080001592636,0.56080001592636,15677000
2019-12-20,0.56080001592636,0.56190001964569,0.55949997901917,0.56169998645782,0.56169998645782,26132000
2019-12-20,0.56139999628067,0.56199997663498,0.55820000171661,0.55889999866486,0.55889999866486,46444000
2019-12-20,0.55900001525879,0.56050002574921,0.55900001525879,0.56040000915527,0.56040000915527,13512000
2019-12-20,0.56050002574921,0.56080001592636,0.55930000543594,0.56029999256134,0.56029999256134,20011000
2019-12-20,0.56029999256134,0.56180000305176,0.56000000238419,0.56029999256134,0.56029999256134,30594000
2019-12-20,0.56010001897812,0.56050002574921,0.5595999956131,0.56019997596741,0.56019997596741,20590000
2019-12-20,0.56000000238419,0.56019997596741,0.55699998140335,0.55699998140335,0.55699998140335,27036000
2019-12-20,0.55690002441406,0.55739998817444,0.55379998683929,0.55529999732971,0.55529999732971,43534000
2019-12-20,0.55489999055862,0.55680000782013,0.55339998006821,0.55349999666214,0.55349999666214,23902000
2019-12-20,0.55379998683929,0.5566999912262,0.55349999666214,0.5557000041008,0.5557000041008,15125000
2019-12-20,0.5557000041008,0.55830001831055,0.5557000041008,0.55800002813339,0.55800002813339,16568000
2019-12-20,0.55800002813339,0.55830001831055,0.55690002441406,0.55830001831055,0.55830001831055,13215000
2019-12-20,0.55830001831055,0.55839997529984,0.55699998140335,0.55720001459122,0.55720001459122,6064000
2019-12-20,0.55720001459122,0.55800002813339,0.55709999799728,0.55800002813339,0.55800002813339,4945000
2019-12-20,0.55790001153946,0.55989998579025,0.55750000476837,0.55839997529984,0.55839997529984,22433000
2019-12-20,0.55839997529984,0.56139999628067,0.55839997529984,0.56089997291565,0.56089997291565,32353000
2019-12-20,0.56050002574921,0.56099998950958,0.55900001525879,0.56000000238419,0.56000000238419,9964000
2019-12-20,0.56000000238419,0.56099998950958,0.55849999189377,0.5586000084877,0.5586000084877,16016000
2019-12-20,0.5586000084877,0.55940002202988,0.55769997835159,0.55820000171661,0.55820000171661,15233000
2019-12-20,0.55820000171661,0.55940002202988,0.55820000171661,0.55919998884201,0.55919998884201,8990000
2019-12-20,0.55919998884201,0.56029999256134,0.55889999866486,0.55930000543594,0.55930000543594,18105000
2019-12-20,0.55940002202988,0.55989998579025,0.55839997529984,0.55870002508163,0.55870002508163,10772000
2019-12-20,0.55870002508163,0.55970001220703,0.55589997768402,0.55650001764297,0.55650001764297,28831000
2019-12-20,0.55650001764297,0.55720001459122,0.55559998750687,0.5566999912262,0.5566999912262,24521000
2019-12-20,0.5566999912262,0.55699998140335,0.55540001392365,0.55549997091293,0.55549997091293,21547000
2019-12-20,0.55409997701645,0.55409997701645,0.55409997701645,0.55409997701645,0.55409997701645,98978000
2019-12-23,,,,,,
2019-12-23,0.55400002002716,0.55400002002716,0.55400002002716,0.55400002002716,0.55400002002716,0
2019-12-23,0.55400002002716,0.55680000782013,0.55320000648499,0.5566999912262,0.5566999912262,49608000
2019-12-23,0.5566999912262,0.55900001525879,0.5566999912262,0.55690002441406,0.55690002441406,33249000
2019-12-23,0.5566999912262,0.55820000171661,0.55589997768402,0.55809998512268,0.55809998512268,13039000
2019-12-23,0.55800002813339,0.55879998207092,0.55779999494553,0.55839997529984,0.55839997529984,13324000
2019-12-23,0.55839997529984,0.5586000084877,0.5547000169754,0.55599999427795,0.55599999427795,36064000
2019-12-23,0.55599999427795,0.55659997463226,0.55360001325607,0.55479997396469,0.55479997396469,31307000
2019-12-23,0.55449998378754,0.55500000715256,0.55400002002716,0.55500000715256,0.55500000715256,7114000
2019-12-23,0.55500000715256,0.55659997463226,0.55500000715256,0.55659997463226,0.55659997463226,11039000
2019-12-23,0.55650001764297,0.55720001459122,0.5557000041008,0.55620002746582,0.55620002746582,9184000
2019-12-23,0.55620002746582,0.55690002441406,0.55549997091293,0.55599999427795,0.55599999427795,4982000
2019-12-23,0.55599999427795,0.55629998445511,0.55540001392365,0.55629998445511,0.55629998445511,8343000
2019-12-23,0.55629998445511,0.5576000213623,0.55599999427795,0.55709999799728,0.55709999799728,24770000
2019-12-23,0.55709999799728,0.55709999799728,0.55610001087189,0.55650001764297,0.55650001764297,10689000
2019-12-23,0.55659997463226,0.55690002441406,0.55589997768402,0.55640000104904,0.55640000104904,6929000
2019-12-23,0.55640000104904,0.5566999912262,0.5557000041008,0.55629998445511,0.55629998445511,12936000
2019-12-23,0.55629998445511,0.55640000104904,0.55559998750687,0.55610001087189,0.55610001087189,8709000
2019-12-23,0.55599999427795,0.55640000104904,0.55559998750687,0.55629998445511,0.55629998445511,6351000
2019-12-23,0.55620002746582,0.55709999799728,0.55620002746582,0.55680000782013,0.55680000782013,7906000
2019-12-23,0.55650001764297,0.55739998817444,0.55629998445511,0.5566999912262,0.5566999912262,9616000
2019-12-23,0.5566999912262,0.55690002441406,0.55580002069473,0.55650001764297,0.55650001764297,6482000
2019-12-23,0.55650001764297,0.55750000476837,0.55599999427795,0.5566999912262,0.5566999912262,18944000
2019-12-23,0.5566999912262,0.55820000171661,0.55650001764297,0.55739998817444,0.55739998817444,17904000
2019-12-23,0.5576000213623,0.56220000982285,0.55729997158051,0.56110000610352,0.56110000610352,75379000
2019-12-23,0.56110000610352,0.56139999628067,0.5595999956131,0.56000000238419,0.56000000238419,18570000
2019-12-23,0.56010001897812,0.56110000610352,0.56000000238419,0.56080001592636,0.56080001592636,9799000
2019-12-23,0.56089997291565,0.56169998645782,0.56000000238419,0.56080001592636,0.56080001592636,18263000
2019-12-23,0.56080001592636,0.56309998035431,0.56069999933243,0.56220000982285,0.56220000982285,32733000
2019-12-23,0.56220000982285,0.56309998035431,0.5615000128746,0.5615000128746,0.5615000128746,13166000
2019-12-23,0.5615000128746,0.56300002336502,0.56120002269745,0.56220000982285,0.56220000982285,17537000
2019-12-23,0.56220000982285,0.56300002336502,0.56099998950958,0.56120002269745,0.56120002269745,22700000
2019-12-23,0.56120002269745,0.5615000128746,0.56040000915527,0.5615000128746,0.5615000128746,15652000
2019-12-23,0.56139999628067,0.56230002641678,0.56139999628067,0.56220000982285,0.56220000982285,15618000
2019-12-23,0.56220000982285,0.56220000982285,0.56160002946854,0.56220000982285,0.56220000982285,16905000
2019-12-23,0.56220000982285,0.5625,0.56099998950958,0.56139999628067,0.56139999628067,12727000
2019-12-23,0.56120002269745,0.56199997663498,0.56080001592636,0.56089997291565,0.56089997291565,13725000
2019-12-23,0.56019997596741,0.56019997596741,0.56019997596741,0.56019997596741,0.56019997596741,10709000
2019-12-24,,,,,,
2019-12-24,0.5615000128746,0.5615000128746,0.5615000128746,0.5615000128746,0.5615000128746,0
2019-12-24,0.5615000128746,0.56770002841949,0.5615000128746,0.56580001115799,0.56580001115799,116803000
2019-12-24,0.56580001115799,0.56800001859665,0.5654000043869,0.5673999786377,0.5673999786377,56259000
2019-12-24,0.56730002164841,0.56849998235703,0.56650000810623,0.56730002164841,0.56730002164841,44135000
2019-12-24,0.56749999523163,0.56809997558594,0.56660002470016,0.56749999523163,0.56749999523163,22867000
2019-12-24,0.56730002164841,0.56760001182556,0.56650000810623,0.56709998846054,0.56709998846054,14912000
2019-12-24,0.56730002164841,0.56790000200272,0.5654000043869,0.56779998540878,0.56779998540878,38527000
2019-12-24,0.56749999523163,0.56779998540878,0.56629997491837,0.56699997186661,0.56699997186661,22143000
2019-12-24,0.56699997186661,0.57120001316071,0.56620001792908,0.57069998979568,0.57069998979568,225430000
2019-12-24,0.57069998979568,0.57400000095367,0.57020002603531,0.57179999351501,0.57179999351501,192912000
2019-12-24,0.57179999351501,0.57179999351501,0.57080000638962,0.57139998674393,0.57139998674393,17941000
2019-12-24,0.57169997692108,0.57300001382828,0.57139998674393,0.57249999046326,0.57249999046326,38705000
2019-12-24,0.57249999046326,0.57300001382828,0.57139998674393,0.57239997386932,0.57239997386932,37879000
2019-12-24,0.57239997386932,0.57249999046326,0.57050001621246,0.57130002975464,0.57130002975464,41532000
2019-12-24,0.57120001316071,0.57190001010895,0.57109999656677,0.57160001993179,0.57160001993179,5408000
2019-12-24,0.57160001993179,0.57209998369217,0.57080000638962,0.57120001316071,0.57120001316071,34284000
2019-12-24,0.57120001316071,0.57130002975464,0.56859999895096,0.56919997930527,0.56919997930527,51132000
2019-12-24,0.56940001249313,0.56950002908707,0.56699997186661,0.56849998235703,0.56849998235703,23720000
2019-12-24,0.56849998235703,0.57150000333786,0.56800001859665,0.56999999284744,0.56999999284744,20665000
2019-12-24,0.56999999284744,0.57059997320175,0.56940001249313,0.5702999830246,0.5702999830246,10237000
2019-12-24,0.5702999830246,0.57130002975464,0.56999999284744,0.57130002975464,0.57130002975464,6686000
2019-12-24,0.57130002975464,0.57209998369217,0.57109999656677,0.57130002975464,0.57130002975464,20305000
2019-12-24,0.57150000333786,0.57190001010895,0.57059997320175,0.57109999656677,0.57109999656677,11101000
2019-12-24,0.57120001316071,0.57179999351501,0.57069998979568,0.57080000638962,0.57080000638962,8925000
2019-12-24,0.57080000638962,0.57160001993179,0.57069998979568,0.57150000333786,0.57150000333786,11876000
2019-12-24,0.57150000333786,0.57150000333786,0.56999999284744,0.57039999961853,0.57039999961853,15235000
2019-12-24,0.57039999961853,0.57109999656677,0.57039999961853,0.57050001621246,0.57050001621246,8387000
2019-12-24,0.57069998979568,0.57150000333786,0.56999999284744,0.57069998979568,0.57069998979568,17609000
2019-12-24,0.57050001621246,0.57080000638962,0.57010000944138,0.57050001621246,0.57050001621246,7809000
2019-12-24,0.57059997320175,0.57059997320175,0.56940001249313,0.56950002908707,0.56950002908707,15876000
2019-12-24,0.56940001249313,0.56950002908707,0.56790000200272,0.56879997253418,0.56879997253418,18220000
2019-12-24,0.56879997253418,0.56940001249313,0.56809997558594,0.56900000572205,0.56900000572205,9487000
2019-12-24,0.56889998912811,0.57039999961853,0.56849998235703,0.57039999961853,0.57039999961853,12934000
2019-12-24,0.57039999961853,0.57169997692108,0.5702999830246,0.57090002298355,0.57090002298355,21960000
2019-12-24,0.57109999656677,0.57160001993179,0.56919997930527,0.56989997625351,0.56989997625351,14934000
2019-12-24,0.56999999284744,0.57010000944138,0.56910002231598,0.56980001926422,0.56980001926422,18606000
2019-12-24,0.56910002231598,0.56910002231598,0.56910002231598,0.56910002231598,0.56910002231598,4663000
2019-12-25,,,,,,
2019-12-25,0.57400000095367,0.57400000095367,0.57400000095367,0.57400000095367,0.57400000095367,0
2019-12-25,0.57309997081757,0.57569998502731,0.57099997997284,0.57190001010895,0.57190001010895,67361000
2019-12-25,0.57190001010895,0.57370001077652,0.56999999284744,0.57160001993179,0.57160001993179,46371000
2019-12-25,0.57160001993179,0.57270002365112,0.56980001926422,0.57130002975464,0.57130002975464,33976000
2019-12-25,0.57130002975464,0.57139998674393,0.5702999830246,0.57090002298355,0.57090002298355,5125000
2019-12-25,0.57090002298355,0.5731999874115,0.57050001621246,0.57260000705719,0.57260000705719,18844000
2019-12-25,0.57249999046326,0.57389998435974,0.57249999046326,0.57340002059937,0.57340002059937,24276000
2019-12-25,0.57370001077652,0.57370001077652,0.57230001688004,0.57230001688004,0.57230001688004,4529000
2019-12-25,0.57249999046326,0.57330000400543,0.57160001993179,0.57179999351501,0.57179999351501,12202000
2019-12-25,0.57160001993179,0.57239997386932,0.57120001316071,0.57130002975464,0.57130002975464,9255000
2019-12-25,0.57130002975464,0.57160001993179,0.57039999961853,0.57099997997284,0.57099997997284,14995000
2019-12-25,0.57099997997284,0.57139998674393,0.56999999284744,0.57099997997284,0.57099997997284,19091000
2019-12-25,0.57099997997284,0.57120001316071,0.56999999284744,0.57090002298355,0.57090002298355,9649000
2019-12-25,0.57099997997284,0.57150000333786,0.57069998979568,0.57130002975464,0.57130002975464,4649000
2019-12-25,0.57120001316071,0.57200002670288,0.57099997997284,0.57120001316071,0.57120001316071,11176000
2019-12-25,0.57139998674393,0.57160001993179,0.57090002298355,0.57150000333786,0.57150000333786,6042000
2019-12-25,0.57130002975464,0.57160001993179,0.57059997320175,0.57059997320175,0.57059997320175,6735000
2019-12-25,0.57059997320175,0.57120001316071,0.57050001621246,0.57050001621246,0.57050001621246,2601000
2019-12-25,0.57059997320175,0.57109999656677,0.56999999284744,0.57059997320175,0.57059997320175,12778000
2019-12-25,0.57059997320175,0.57099997997284,0.5702999830246,0.5702999830246,0.5702999830246,6323000
2019-12-25,0.57039999961853,0.57069998979568,0.56980001926422,0.56999999284744,0.56999999284744,16277000
2019-12-25,0.56999999284744,0.57050001621246,0.56980001926422,0.56999999284744,0.56999999284744,17868000
2019-12-25,0.56999999284744,0.56999999284744,0.5654000043869,0.56730002164841,0.56730002164841,80399000
2019-12-25,0.56730002164841,0.56760001182556,0.56499999761581,0.56590002775192,0.56590002775192,35919000
2019-12-25,0.56590002775192,0.56660002470016,0.56529998779297,0.56569999456406,0.56569999456406,10957000
2019-12-25,0.56569999456406,0.56650000810623,0.56410002708435,0.56629997491837,0.56629997491837,28189000
2019-12-25,0.56599998474121,0.56760001182556,0.56559997797012,0.56620001792908,0.56620001792908,22261000
2019-12-25,0.56620001792908,0.56800001859665,0.56590002775192,0.56790000200272,0.56790000200272,15104000
2019-12-25,0.56779998540878,0.56790000200272,0.56660002470016,0.56679999828339,0.56679999828339,8292000
2019-12-25,0.56679999828339,0.56760001182556,0.56650000810623,0.56699997186661,0.56699997186661,9610000
2019-12-25,0.56749999523163,0.56809997558594,0.56679999828339,0.56770002841949,0.56770002841949,13702000
2019-12-25,0.56770002841949,0.56809997558594,0.56660002470016,0.56669998168945,0.56669998168945,4850000
2019-12-25,0.56699997186661,0.5673999786377,0.56499999761581,0.56599998474121,0.56599998474121,24968000
2019-12-25,0.56599998474121,0.5663999915123,0.56389999389648,0.56550002098083,0.56550002098083,23476000
2019-12-25,0.56550002098083,0.56690001487732,0.56519997119904,0.56660002470016,0.56660002470016,13391000
2019-12-25,0.56629997491837,0.5663999915123,0.56550002098083,0.56580001115799,0.56580001115799,14390000
2019-12-25,0.56550002098083,0.56550002098083,0.56550002098083,0.56550002098083,0.56550002098083,3766000
2019-12-26,,,,,,
2019-12-26,0.56499999761581,0.56499999761581,0.56499999761581,0.56499999761581,0.56499999761581,0
2019-12-26,0.56489998102188,0.56529998779297,0.56019997596741,0.56190001964569,0.56190001964569,76441000
2019-12-26,0.56190001964569,0.5634999871254,0.56000000238419,0.56339997053146,0.56339997053146,51765000
2019-12-26,0.56339997053146,0.56550002098083,0.56339997053146,0.56489998102188,0.56489998102188,25947000
2019-12-26,0.56480002403259,0.56919997930527,0.56449997425079,0.56699997186661,0.56699997186661,77530000
2019-12-26,0.56730002164841,0.5683000087738,0.5663999915123,0.5673999786377,0.5673999786377,27329000
2019-12-26,0.56749999523163,0.56849998235703,0.56699997186661,0.56809997558594,0.56809997558594,11083000
2019-12-26,0.56800001859665,0.56849998235703,0.56699997186661,0.5683000087738,0.5683000087738,12985000
2019-12-26,0.56849998235703,0.56919997930527,0.56770002841949,0.56790000200272,0.56790000200272,12622000
2019-12-26,0.56779998540878,0.56800001859665,0.56559997797012,0.56669998168945,0.56669998168945,16083000
2019-12-26,0.56669998168945,0.56730002164841,0.56590002775192,0.56610000133514,0.56610000133514,11526000
2019-12-26,0.56610000133514,0.56730002164841,0.56559997797012,0.56730002164841,0.56730002164841,6796000
2019-12-26,0.56730002164841,0.56730002164841,0.56669998168945,0.56720000505447,0.56720000505447,3790000
2019-12-26,0.56699997186661,0.56709998846054,0.56580001115799,0.56620001792908,0.56620001792908,6665000
2019-12-26,0.56599998474121,0.5663999915123,0.56519997119904,0.56529998779297,0.56529998779297,9731000
2019-12-26,0.56519997119904,0.56529998779297,0.56400001049042,0.56519997119904,0.56519997119904,16455000
2019-12-26,0.56519997119904,0.5654000043869,0.56430000066757,0.56499999761581,0.56499999761581,7934000
2019-12-26,0.56499999761581,0.56510001420975,0.56389999389648,0.56419998407364,0.56419998407364,5840000
2019-12-26,0.56410002708435,0.56430000066757,0.56300002336502,0.56360000371933,0.56360000371933,14402000
2019-12-26,0.56379997730255,0.56449997425079,0.5634999871254,0.56419998407364,0.56419998407364,6276000
2019-12-26,0.56419998407364,0.56449997425079,0.56400001049042,0.56400001049042,0.56400001049042,3620000
2019-12-26,0.56419998407364,0.56419998407364,0.56220000982285,0.56319999694824,0.56319999694824,15277000
2019-12-26,0.56339997053146,0.56379997730255,0.56199997663498,0.56220000982285,0.56220000982285,13422000
2019-12-26,0.56209999322891,0.56389999389648,0.56199997663498,0.56379997730255,0.56379997730255,12818000
2019-12-26,0.56360000371933,0.56419998407364,0.56309998035431,0.56360000371933,0.56360000371933,6683000
2019-12-26,0.56339997053146,0.56339997053146,0.56220000982285,0.56300002336502,0.56300002336502,16303000
2019-12-26,0.56300002336502,0.56300002336502,0.56230002641678,0.56300002336502,0.56300002336502,7183000
2019-12-26,0.56290000677109,0.56449997425079,0.56290000677109,0.56400001049042,0.56400001049042,17551000
2019-12-26,0.56410002708435,0.56499999761581,0.56389999389648,0.56459999084473,0.56459999084473,9865000
2019-12-26,0.56489998102188,0.56690001487732,0.56489998102188,0.56629997491837,0.56629997491837,19150000
2019-12-26,0.56660002470016,0.56660002470016,0.56510001420975,0.56629997491837,0.56629997491837,6785000
2019-12-26,0.56629997491837,0.56699997186661,0.5654000043869,0.5663999915123,0.5663999915123,10373000
2019-12-26,0.5663999915123,0.56679999828339,0.5654000043869,0.56599998474121,0.56599998474121,9149000
2019-12-26,0.56599998474121,0.56620001792908,0.56459999084473,0.56590002775192,0.56590002775192,12690000
2019-12-26,0.56599998474121,0.56690001487732,0.56569999456406,0.56660002470016,0.56660002470016,20505000
2019-12-26,0.56650000810623,0.56679999828339,0.56650000810623,0.56650000810623,0.56650000810623,23234000
2019-12-26,0.56550002098083,0.56550002098083,0.56550002098083,0.56550002098083,0.56550002098083,6587000
2019-12-27,,,,,,
2019-12-27,0.56599998474121,0.56599998474121,0.56599998474121,0.56599998474121,0.56599998474121,0
2019-12-27,0.56650000810623,0.56800001859665,0.56550002098083,0.56690001487732,0.56690001487732,21752000
2019-12-27,0.56679999828339,0.5683000087738,0.56650000810623,0.56709998846054,0.56709998846054,49758000
2019-12-27,0.56690001487732,0.56720000505447,0.56610000133514,0.56629997491837,0.56629997491837,6539000
2019-12-27,0.56629997491837,0.56629997491837,0.56519997119904,0.56519997119904,0.56519997119904,11302000
2019-12-27,0.5654000043869,0.56690001487732,0.56410002708435,0.56519997119904,0.56519997119904,37723000
2019-12-27,0.56550002098083,0.56569999456406,0.56499999761581,0.56510001420975,0.56510001420975,10952000
2019-12-27,0.56510001420975,0.56519997119904,0.56389999389648,0.56430000066757,0.56430000066757,20985000
2019-12-27,0.56410002708435,0.56459999084473,0.56400001049042,0.56449997425079,0.56449997425079,5477000
2019-12-27,0.56449997425079,0.56489998102188,0.56400001049042,0.56449997425079,0.56449997425079,7993000
2019-12-27,0.56419998407364,0.56480002403259,0.56400001049042,0.56459999084473,0.56459999084473,5220000
2019-12-27,0.56430000066757,0.56470000743866,0.56379997730255,0.56389999389648,0.56389999389648,11525000
2019-12-27,0.56379997730255,0.56410002708435,0.56309998035431,0.56360000371933,0.56360000371933,11875000
2019-12-27,0.56360000371933,0.56400001049042,0.5634999871254,0.56379997730255,0.56379997730255,4886000
2019-12-27,0.56400001049042,0.56430000066757,0.56379997730255,0.56410002708435,0.56410002708435,4678000
2019-12-27,0.56419998407364,0.56459999084473,0.56410002708435,0.56419998407364,0.56419998407364,3789000
2019-12-27,0.56440001726151,0.56449997425079,0.56410002708435,0.56440001726151,0.56440001726151,4209000
2019-12-27,0.56419998407364,0.56550002098083,0.56419998407364,0.5654000043869,0.5654000043869,6677000
2019-12-27,0.56510001420975,0.56550002098083,0.56419998407364,0.56470000743866,0.56470000743866,4057000
2019-12-27,0.56470000743866,0.56489998102188,0.56400001049042,0.56489998102188,0.56489998102188,5693000
2019-12-27,0.56480002403259,0.56480002403259,0.56370002031326,0.56379997730255,0.56379997730255,5741000
2019-12-27,0.56379997730255,0.56449997425079,0.56379997730255,0.56419998407364,0.56419998407364,6286000
2019-12-27,0.56440001726151,0.56459999084473,0.56389999389648,0.56459999084473,0.56459999084473,6146000
2019-12-27,0.56449997425079,0.56459999084473,0.56389999389648,0.56389999389648,0.56389999389648,7594000
2019-12-27,0.56389999389648,0.56449997425079,0.56389999389648,0.56440001726151,0.56440001726151,3890000
2019-12-27,0.56440001726151,0.56449997425079,0.56370002031326,0.56419998407364,0.56419998407364,9325000
2019-12-27,0.56419998407364,0.56449997425079,0.56379997730255,0.56410002708435,0.56410002708435,6127000
2019-12-27,0.56419998407364,0.56459999084473,0.56410002708435,0.56459999084473,0.56459999084473,7249000
2019-12-27,0.56459999084473,0.56550002098083,0.56459999084473,0.5654000043869,0.5654000043869,11117000
2019-12-27,0.5654000043869,0.56590002775192,0.56419998407364,0.56470000743866,0.56470000743866,13379000
2019-12-27,0.56470000743866,0.56470000743866,0.5634999871254,0.56400001049042,0.56400001049042,15138000
2019-12-27,0.56389999389648,0.56400001049042,0.56220000982285,0.56400001049042,0.56400001049042,40443000
2019-12-27,0.56400001049042,0.56400001049042,0.56220000982285,0.56290000677109,0.56290000677109,21515000
2019-12-27,0.56290000677109,0.56470000743866,0.56220000982285,0.56419998407364,0.56419998407364,28234000
2019-12-27,0.56419998407364,0.56440001726151,0.56400001049042,0.56419998407364,0.56419998407364,11295000
2019-12-27,0.56410002708435,0.56499999761581,0.56400001049042,0.56499999761581,0.56499999761581,20954000
2019-12-27,0.56499999761581,0.56499999761581,0.56499999761581,0.56499999761581,0.56499999761581,3226000
2019-12-30,,,,,,
2019-12-30,0.56499999761581,0.56499999761581,0.56499999761581,0.56499999761581,0.56499999761581,0
2019-12-30,0.56489998102188,0.56590002775192,0.56400001049042,0.56529998779297,0.56529998779297,22281000
2019-12-30,0.56499999761581,0.56669998168945,0.56410002708435,0.56430000066757,0.56430000066757,31739000
2019-12-30,0.56430000066757,0.56519997119904,0.56400001049042,0.56459999084473,0.56459999084473,6501000
2019-12-30,0.56489998102188,0.56510001420975,0.56430000066757,0.56449997425079,0.56449997425079,8856000
2019-12-30,0.56440001726151,0.56489998102188,0.56400001049042,0.56410002708435,0.56410002708435,16899000
2019-12-30,0.56419998407364,0.56459999084473,0.56300002336502,0.5634999871254,0.5634999871254,19454000
2019-12-30,0.5634999871254,0.5634999871254,0.5625,0.56290000677109,0.56290000677109,12849000
2019-12-30,0.56290000677109,0.56290000677109,0.56029999256134,0.5615000128746,0.5615000128746,33194000
2019-12-30,0.56129997968674,0.56239998340607,0.56089997291565,0.56220000982285,0.56220000982285,18694000
2019-12-30,0.56230002641678,0.56279999017715,0.56209999322891,0.56269997358322,0.56269997358322,7648000
2019-12-30,0.5625,0.56300002336502,0.56239998340607,0.56290000677109,0.56290000677109,8081000
2019-12-30,0.56290000677109,0.5634999871254,0.56279999017715,0.56309998035431,0.56309998035431,18800000
2019-12-30,0.56309998035431,0.56339997053146,0.56220000982285,0.56220000982285,0.56220000982285,8823000
2019-12-30,0.56220000982285,0.56279999017715,0.56129997968674,0.56199997663498,0.56199997663498,21897000
2019-12-30,0.56209999322891,0.56260001659393,0.56099998950958,0.56180000305176,0.56180000305176,13175000
2019-12-30,0.56180000305176,0.56180000305176,0.56019997596741,0.56040000915527,0.56040000915527,20567000
2019-12-30,0.56040000915527,0.56120002269745,0.56040000915527,0.56069999933243,0.56069999933243,10854000
2019-12-30,0.56089997291565,0.56099998950958,0.56029999256134,0.56080001592636,0.56080001592636,8298000
2019-12-30,0.56080001592636,0.56110000610352,0.56059998273849,0.56069999933243,0.56069999933243,6621000
2019-12-30,0.56069999933243,0.56110000610352,0.56040000915527,0.56099998950958,0.56099998950958,10064000
2019-12-30,0.56099998950958,0.56160002946854,0.56050002574921,0.56050002574921,0.56050002574921,9390000
2019-12-30,0.56050002574921,0.56110000610352,0.56040000915527,0.56099998950958,0.56099998950958,9703000
2019-12-30,0.56069999933243,0.56180000305176,0.56069999933243,0.56169998645782,0.56169998645782,14887000
2019-12-30,0.56120002269745,0.56190001964569,0.56080001592636,0.56080001592636,0.56080001592636,13919000
2019-12-30,0.56080001592636,0.56099998950958,0.56050002574921,0.56099998950958,0.56099998950958,9591000
2019-12-30,0.56099998950958,0.56190001964569,0.56050002574921,0.5615000128746,0.5615000128746,12943000
2019-12-30,0.5615000128746,0.56199997663498,0.56129997968674,0.56160002946854,0.56160002946854,8315000
2019-12-30,0.56160002946854,0.56180000305176,0.56099998950958,0.56099998950958,0.56099998950958,10817000
2019-12-30,0.56110000610352,0.56169998645782,0.56099998950958,0.56110000610352,0.56110000610352,14419000
2019-12-30,0.56110000610352,0.5615000128746,0.56089997291565,0.56120002269745,0.56120002269745,14748000
2019-12-30,0.56089997291565,0.56160002946854,0.56059998273849,0.56089997291565,0.56089997291565,18325000
2019-12-30,0.56089997291565,0.56110000610352,0.55820000171661,0.55909997224808,0.55909997224808,63438000
2019-12-30,0.55879998207092,0.55909997224808,0.55709999799728,0.5576000213623,0.5576000213623,43052000
2019-12-30,0.5576000213623,0.5576000213623,0.55449998378754,0.55540001392365,0.55540001392365,133921000
2019-12-30,0.55549997091293,0.55659997463226,0.55529999732971,0.55580002069473,0.55580002069473,45099000
2019-12-30,0.55529999732971,0.55529999732971,0.55529999732971,0.55529999732971,0.55529999732971,20341000
2020-01-03,,,,,,
2020-01-03,0.55659997463226,0.55659997463226,0.55659997463226,0.55659997463226,0.55659997463226,0
2020-01-03,0.55629998445511,0.55889999866486,0.55540001392365,0.55849999189377,0.55849999189377,39137000
2020-01-03,0.55849999189377,0.56029999256134,0.55849999189377,0.56019997596741,0.56019997596741,27603000
2020-01-03,0.56029999256134,0.56099998950958,0.55830001831055,0.5586000084877,0.5586000084877,23078000
2020-01-03,0.55879998207092,0.55949997901917,0.55650001764297,0.55779999494553,0.55779999494553,22267000
2020-01-03,0.55769997835159,0.55900001525879,0.55750000476837,0.55879998207092,0.55879998207092,9095000
2020-01-03,0.55830001831055,0.55870002508163,0.55599999427795,0.55680000782013,0.55680000782013,23077000
2020-01-03,0.55680000782013,0.55809998512268,0.55580002069473,0.55610001087189,0.55610001087189,12151000
2020-01-03,0.55580002069473,0.55849999189377,0.55559998750687,0.55839997529984,0.55839997529984,10832000
2020-01-03,0.55839997529984,0.55849999189377,0.55690002441406,0.55709999799728,0.55709999799728,10183000
2020-01-03,0.55709999799728,0.55709999799728,0.55650001764297,0.55659997463226,0.55659997463226,6033000
2020-01-03,0.55650001764297,0.55800002813339,0.55629998445511,0.55790001153946,0.55790001153946,4219000
2020-01-03,0.55790001153946,0.55839997529984,0.55739998817444,0.55750000476837,0.55750000476837,8963000
2020-01-03,0.55830001831055,0.55830001831055,0.55750000476837,0.55809998512268,0.55809998512268,3754000
2020-01-03,0.55800002813339,0.55820000171661,0.55750000476837,0.55779999494553,0.55779999494553,5708000
2020-01-03,0.55790001153946,0.55909997224808,0.55779999494553,0.55879998207092,0.55879998207092,7905000
2020-01-03,0.55889999866486,0.55940002202988,0.55690002441406,0.55699998140335,0.55699998140335,12418000
2020-01-03,0.5576000213623,0.55790001153946,0.55650001764297,0.55729997158051,0.55729997158051,7028000
2020-01-03,0.5576000213623,0.55830001831055,0.55690002441406,0.55800002813339,0.55800002813339,12422000
2020-01-03,0.55800002813339,0.55809998512268,0.55720001459122,0.55800002813339,0.55800002813339,1733000
2020-01-03,0.55800002813339,0.55820000171661,0.5576000213623,0.55769997835159,0.55769997835159,3790000
2020-01-03,0.55769997835159,0.55800002813339,0.55680000782013,0.55709999799728,0.55709999799728,7043000
2020-01-03,0.55709999799728,0.55729997158051,0.55620002746582,0.55650001764297,0.55650001764297,6884000
2020-01-03,0.55629998445511,0.55699998140335,0.55610001087189,0.5566999912262,0.5566999912262,5117000
2020-01-03,0.55640000104904,0.5566999912262,0.55549997091293,0.55659997463226,0.55659997463226,15103000
2020-01-03,0.55659997463226,0.55729997158051,0.55610001087189,0.55729997158051,0.55729997158051,7392000
2020-01-03,0.55739998817444,0.55739998817444,0.55610001087189,0.55610001087189,0.55610001087189,3472000
2020-01-03,0.55620002746582,0.55720001459122,0.55610001087189,0.55709999799728,0.55709999799728,6266000
2020-01-03,0.55690002441406,0.55709999799728,0.55620002746582,0.55620002746582,0.55620002746582,5002000
2020-01-03,0.55640000104904,0.55690002441406,0.5527999997139,0.55360001325607,0.55360001325607,56565000
2020-01-03,0.55390000343323,0.55479997396469,0.55250000953674,0.55369997024536,0.55369997024536,24310000
2020-01-03,0.55369997024536,0.55400002002716,0.55349999666214,0.55400002002716,0.55400002002716,24167000
2020-01-03,0.55400002002716,0.55629998445511,0.55360001325607,0.55620002746582,0.55620002746582,28642000
2020-01-03,0.55629998445511,0.55779999494553,0.55500000715256,0.55659997463226,0.55659997463226,20313000
2020-01-03,0.55659997463226,0.55809998512268,0.5547000169754,0.55559998750687,0.55559998750687,31613000
2020-01-03,0.55529999732971,0.55580002069473,0.55419999361038,0.55479997396469,0.55479997396469,18871000
2020-01-03,0.5547000169754,0.5547000169754,0.5547000169754,0.5547000169754,0.5547000169754,3613000
2020-01-06,,,,,,
2020-01-06,0.55400002002716,0.55400002002716,0.55400002002716,0.55400002002716,0.55400002002716,0
2020-01-06,0.55500000715256,0.55940002202988,0.55369997024536,0.55940002202988,0.55940002202988,46281000
2020-01-06,0.55930000543594,0.56000000238419,0.55720001459122,0.55720001459122,0.55720001459122,53662000
2020-01-06,0.55720001459122,0.55940002202988,0.55709999799728,0.55930000543594,0.55930000543594,15603000
2020-01-06,0.55930000543594,0.55949997901917,0.55769997835159,0.55879998207092,0.55879998207092,20034000
2020-01-06,0.55879998207092,0.56279999017715,0.55879998207092,0.56279999017715,0.56279999017715,34779000
2020-01-06,0.56230002641678,0.56319999694824,0.56000000238419,0.56080001592636,0.56080001592636,26683000
2020-01-06,0.56080001592636,0.56239998340607,0.56010001897812,0.56230002641678,0.56230002641678,26736000
2020-01-06,0.56230002641678,0.56239998340607,0.56040000915527,0.56139999628067,0.56139999628067,15818000
2020-01-06,0.56110000610352,0.56220000982285,0.56099998950958,0.56169998645782,0.56169998645782,15905000
2020-01-06,0.56190001964569,0.56279999017715,0.56190001964569,0.56230002641678,0.56230002641678,14765000
2020-01-06,0.56260001659393,0.56279999017715,0.5615000128746,0.56260001659393,0.56260001659393,21736000
2020-01-06,0.56260001659393,0.56260001659393,0.56209999322891,0.56220000982285,0.56220000982285,14970000
2020-01-06,0.56220000982285,0.56339997053146,0.5615000128746,0.56220000982285,0.56220000982285,53625000
2020-01-06,0.56199997663498,0.56290000677109,0.56190001964569,0.56199997663498,0.56199997663498,9070000
2020-01-06,0.56199997663498,0.56209999322891,0.56110000610352,0.56160002946854,0.56160002946854,8501000
2020-01-06,0.5615000128746,0.56239998340607,0.56139999628067,0.56220000982285,0.56220000982285,5159000
2020-01-06,0.56230002641678,0.56260001659393,0.56199997663498,0.56230002641678,0.56230002641678,13868000
2020-01-06,0.56239998340607,0.56300002336502,0.56199997663498,0.56260001659393,0.56260001659393,8963000
2020-01-06,0.56260001659393,0.56290000677109,0.5615000128746,0.56199997663498,0.56199997663498,9935000
2020-01-06,0.56199997663498,0.56260001659393,0.5615000128746,0.56209999322891,0.56209999322891,8419000
2020-01-06,0.56199997663498,0.5625,0.56160002946854,0.56209999322891,0.56209999322891,4663000
2020-01-06,0.56239998340607,0.56260001659393,0.56209999322891,0.56220000982285,0.56220000982285,6843000
2020-01-06,0.56220000982285,0.56220000982285,0.56029999256134,0.56120002269745,0.56120002269745,18728000
2020-01-06,0.5615000128746,0.56169998645782,0.56110000610352,0.56110000610352,0.56110000610352,2951000
2020-01-06,0.56110000610352,0.56139999628067,0.56080001592636,0.56120002269745,0.56120002269745,6557000
2020-01-06,0.56120002269745,0.56180000305176,0.56099998950958,0.56129997968674,0.56129997968674,5375000
2020-01-06,0.56129997968674,0.56129997968674,0.56010001897812,0.56019997596741,0.56019997596741,8767000
2020-01-06,0.56040000915527,0.56129997968674,0.56040000915527,0.56110000610352,0.56110000610352,3733000
2020-01-06,0.56110000610352,0.56169998645782,0.56069999933243,0.5615000128746,0.5615000128746,6067000
2020-01-06,0.5615000128746,0.56169998645782,0.56110000610352,0.56139999628067,0.56139999628067,5445000
2020-01-06,0.56120002269745,0.56169998645782,0.56099998950958,0.56139999628067,0.56139999628067,7549000
2020-01-06,0.56139999628067,0.56209999322891,0.56099998950958,0.56199997663498,0.56199997663498,8512000
2020-01-06,0.56209999322891,0.56220000982285,0.56099998950958,0.56139999628067,0.56139999628067,20043000
2020-01-06,0.56139999628067,0.56190001964569,0.55919998884201,0.56040000915527,0.56040000915527,29753000
2020-01-06,0.56029999256134,0.56099998950958,0.55980002880096,0.56029999256134,0.56029999256134,28129000
2020-01-06,0.56029999256134,0.56029999256134,0.56029999256134,0.56029999256134,0.56029999256134,11594000
2020-01-08,,,,,,
2020-01-08,0.55900001525879,0.55900001525879,0.55900001525879,0.55900001525879,0.55900001525879,0
2020-01-08,0.55900001525879,0.55900001525879,0.55559998750687,0.55820000171661,0.55820000171661,48436000
2020-01-08,0.55820000171661,0.56050002574921,0.55729997158051,0.5595999956131,0.5595999956131,22758000
2020-01-08,0.55949997901917,0.56059998273849,0.55949997901917,0.56010001897812,0.56010001897812,22695000
2020-01-08,0.56019997596741,0.56410002708435,0.56019997596741,0.56400001049042,0.56400001049042,43236000
2020-01-08,0.56400001049042,0.56400001049042,0.56089997291565,0.56139999628067,0.56139999628067,29186000
2020-01-08,0.5615000128746,0.56209999322891,0.55900001525879,0.5595999956131,0.5595999956131,61666000
2020-01-08,0.55980002880096,0.56000000238419,0.55690002441406,0.55900001525879,0.55900001525879,32028000
2020-01-08,0.55900001525879,0.55989998579025,0.55800002813339,0.55820000171661,0.55820000171661,16313000
2020-01-08,0.55820000171661,0.55949997901917,0.55800002813339,0.55930000543594,0.55930000543594,8436000
2020-01-08,0.5595999956131,0.56019997596741,0.55919998884201,0.5595999956131,0.5595999956131,9451000
2020-01-08,0.55930000543594,0.56019997596741,0.55930000543594,0.55989998579025,0.55989998579025,9550000
2020-01-08,0.55989998579025,0.56040000915527,0.5595999956131,0.56010001897812,0.56010001897812,5712000
2020-01-08,0.56029999256134,0.56089997291565,0.55930000543594,0.55949997901917,0.55949997901917,9493000
2020-01-08,0.55980002880096,0.56010001897812,0.55849999189377,0.55879998207092,0.55879998207092,15813000
2020-01-08,0.55919998884201,0.55949997901917,0.55849999189377,0.55879998207092,0.55879998207092,11131000
2020-01-08,0.55879998207092,0.55919998884201,0.55779999494553,0.55779999494553,0.55779999494553,25321000
2020-01-08,0.55809998512268,0.56080001592636,0.55800002813339,0.56029999256134,0.56029999256134,22310000
2020-01-08,0.56050002574921,0.57200002670288,0.56019997596741,0.57109999656677,0.57109999656677,158001000
2020-01-08,0.57139998674393,0.57249999046326,0.56760001182556,0.56900000572205,0.56900000572205,168987000
2020-01-08,0.56900000572205,0.5692999958992,0.56599998474121,0.56699997186661,0.56699997186661,74057000
2020-01-08,0.56699997186661,0.5683000087738,0.56599998474121,0.56679999828339,0.56679999828339,33172000
2020-01-08,0.56679999828339,0.56770002841949,0.56620001792908,0.56679999828339,0.56679999828339,24005000
2020-01-08,0.56679999828339,0.56770002841949,0.56470000743866,0.56470000743866,0.56470000743866,46177000
2020-01-08,0.56470000743866,0.5663999915123,0.56449997425079,0.56610000133514,0.56610000133514,12159000
2020-01-08,0.56610000133514,0.5663999915123,0.56510001420975,0.56610000133514,0.56610000133514,12756000
2020-01-08,0.56610000133514,0.56629997491837,0.56499999761581,0.56580001115799,0.56580001115799,16931000
2020-01-08,0.56599998474121,0.56610000133514,0.56459999084473,0.56590002775192,0.56590002775192,16011000
2020-01-08,0.56599998474121,0.56709998846054,0.56499999761581,0.56569999456406,0.56569999456406,38501000
2020-01-08,0.56610000133514,0.56629997491837,0.56499999761581,0.56499999761581,0.56499999761581,14954000
2020-01-08,0.56499999761581,0.56580001115799,0.56459999084473,0.56529998779297,0.56529998779297,18098000
2020-01-08,0.56499999761581,0.56529998779297,0.56410002708435,0.56440001726151,0.56440001726151,30903000
2020-01-08,0.56480002403259,0.56550002098083,0.56370002031326,0.56440001726151,0.56440001726151,23516000
2020-01-08,0.56419998407364,0.56459999084473,0.56269997358322,0.56419998407364,0.56419998407364,30809000
2020-01-08,0.56419998407364,0.56599998474121,0.56400001049042,0.56569999456406,0.56569999456406,24317000
2020-01-08,0.56590002775192,0.5663999915123,0.56480002403259,0.56489998102188,0.56489998102188,28553000
2020-01-08,0.56489998102188,0.56489998102188,0.56489998102188,0.56489998102188,0.56489998102188,10129000
2020-01-09,,,,,,
2020-01-09,0.56620001792908,0.56620001792908,0.56620001792908,0.56620001792908,0.56620001792908,0
2020-01-09,0.56620001792908,0.5692999958992,0.56599998474121,0.5663999915123,0.5663999915123,86353000
2020-01-09,0.5673999786377,0.56779998540878,0.56480002403259,0.56730002164841,0.56730002164841,34142000
2020-01-09,0.56720000505447,0.56959998607635,0.56720000505447,0.56809997558594,0.56809997558594,39829000
2020-01-09,0.56809997558594,0.57169997692108,0.56809997558594,0.57169997692108,0.57169997692108,67099000
2020-01-09,0.57160001993179,0.57160001993179,0.56849998235703,0.5692999958992,0.5692999958992,39501000
2020-01-09,0.56910002231598,0.57150000333786,0.56910002231598,0.5702999830246,0.5702999830246,26418000
2020-01-09,0.57039999961853,0.57190001010895,0.56989997625351,0.57130002975464,0.57130002975464,43087000
2020-01-09,0.57130002975464,0.57249999046326,0.57069998979568,0.57230001688004,0.57230001688004,40443000
2020-01-09,0.57230001688004,0.57489997148514,0.57200002670288,0.57400000095367,0.57400000095367,93776000
2020-01-09,0.57400000095367,0.58749997615814,0.57400000095367,0.58740001916885,0.58740001916885,396401000
2020-01-09,0.58740001916885,0.58899998664856,0.58509999513626,0.58530002832413,0.58530002832413,178413000
2020-01-09,0.58520001173019,0.5871000289917,0.58219999074936,0.58499997854233,0.58499997854233,105777000
2020-01-09,0.58499997854233,0.58499997854233,0.58200001716614,0.58329999446869,0.58329999446869,64802000
2020-01-09,0.58319997787476,0.58370000123978,0.58120000362396,0.58319997787476,0.58319997787476,42263000
2020-01-09,0.58319997787476,0.58399999141693,0.58300000429153,0.58399999141693,0.58399999141693,23655000
2020-01-09,0.58399999141693,0.58399999141693,0.58230000734329,0.58300000429153,0.58300000429153,20322000
2020-01-09,0.58319997787476,0.58399999141693,0.58200001716614,0.58359998464584,0.58359998464584,30944000
2020-01-09,0.58340001106262,0.58499997854233,0.58300000429153,0.58499997854233,0.58499997854233,30306000
2020-01-09,0.58499997854233,0.58789998292923,0.58410000801086,0.58590000867844,0.58590000867844,47762000
2020-01-09,0.58600002527237,0.58850002288818,0.58480000495911,0.58829998970032,0.58829998970032,63212000
2020-01-09,0.58770000934601,0.58869999647141,0.58619999885559,0.58700001239777,0.58700001239777,55033000
2020-01-09,0.58730000257492,0.58819997310638,0.58200001716614,0.58499997854233,0.58499997854233,104284000
2020-01-09,0.58520001173019,0.58660000562668,0.58429998159409,0.58539998531342,0.58539998531342,32068000
2020-01-09,0.58520001173019,0.58789998292923,0.58520001173019,0.58730000257492,0.58730000257492,44185000
2020-01-09,0.58730000257492,0.59020000696182,0.58689999580383,0.58789998292923,0.58789998292923,179178000
2020-01-09,0.58780002593994,0.58869999647141,0.58619999885559,0.58689999580383,0.58689999580383,105715000
2020-01-09,0.58689999580383,0.58749997615814,0.58410000801086,0.5857999920845,0.5857999920845,44199000
2020-01-09,0.5857999920845,0.58799999952316,0.58560001850128,0.58749997615814,0.58749997615814,14520000
2020-01-09,0.58749997615814,0.58770000934601,0.58530002832413,0.58539998531342,0.58539998531342,23828000
2020-01-09,0.58530002832413,0.58530002832413,0.58300000429153,0.58439999818802,0.58439999818802,49007000
2020-01-09,0.58469998836517,0.58499997854233,0.57880002260208,0.58079999685287,0.58079999685287,121913000
2020-01-09,0.5809999704361,0.58230000734329,0.57950001955032,0.58219999074936,0.58219999074936,50621000
2020-01-09,0.58200001716614,0.58249998092651,0.58060002326965,0.58149999380112,0.58149999380112,37752000
2020-01-09,0.58170002698898,0.58469998836517,0.58050000667572,0.58109998703003,0.58109998703003,58003000
2020-01-09,0.5813000202179,0.58270001411438,0.5809999704361,0.58240002393723,0.58240002393723,32400000
2020-01-09,0.5828999876976,0.5828999876976,0.5828999876976,0.5828999876976,0.5828999876976,14490000
2020-01-10,,,,,,
2020-01-10,0.58399999141693,0.58399999141693,0.58399999141693,0.58399999141693,0.58399999141693,0
2020-01-10,0.58410000801086,0.5939000248909,0.583899974823,0.59160000085831,0.59160000085831,222845000
2020-01-10,0.59160000085831,0.59659999608994,0.591000020504,0.59369999170303,0.59369999170303,194040000
2020-01-10,0.59369999170303,0.59450000524521,0.58859997987747,0.59009999036789,0.59009999036789,106063000
2020-01-10,0.59009999036789,0.59200000762939,0.58850002288818,0.591000020504,0.591000020504,45778000
2020-01-10,0.59090000391006,0.59179997444153,0.59039998054504,0.59109997749329,0.59109997749329,608567000
2020-01-10,0.59090000391006,0.59189999103546,0.58569997549057,0.58730000257492,0.58730000257492,79153000
2020-01-10,0.58730000257492,0.58990001678467,0.58670002222061,0.58910000324249,0.58910000324249,46770000
2020-01-10,0.58910000324249,0.591000020504,0.58910000324249,0.58950001001358,0.58950001001358,48190000
2020-01-10,0.58920001983643,0.58950001001358,0.58840000629425,0.58920001983643,0.58920001983643,16929000
2020-01-10,0.58920001983643,0.58929997682571,0.58639997243881,0.58819997310638,0.58819997310638,34065000
2020-01-10,0.58850002288818,0.58910000324249,0.58799999952316,0.58869999647141,0.58869999647141,7228000
2020-01-10,0.58840000629425,0.58999997377396,0.58840000629425,0.58850002288818,0.58850002288818,14199000
2020-01-10,0.58850002288818,0.58950001001358,0.5881000161171,0.58899998664856,0.58899998664856,8421000
2020-01-10,0.58899998664856,0.59090000391006,0.58880001306534,0.59090000391006,0.59090000391006,22640000
2020-01-10,0.59039998054504,0.59160000085831,0.58950001001358,0.59030002355576,0.59030002355576,19140000
2020-01-10,0.58999997377396,0.59049999713898,0.58759999275208,0.58780002593994,0.58780002593994,37339000
2020-01-10,0.58780002593994,0.59020000696182,0.58780002593994,0.58929997682571,0.58929997682571,12683000
2020-01-10,0.58939999341965,0.59030002355576,0.58899998664856,0.59020000696182,0.59020000696182,24318000
2020-01-10,0.58999997377396,0.59329998493195,0.58990001678467,0.59079998731613,0.59079998731613,54202000
2020-01-10,0.59049999713898,0.59219998121262,0.58910000324249,0.59090000391006,0.59090000391006,35129000
2020-01-10,0.59090000391006,0.591000020504,0.58899998664856,0.591000020504,0.591000020504,15164000
2020-01-10,0.591000020504,0.59179997444153,0.59039998054504,0.59130001068115,0.59130001068115,9806000
2020-01-10,0.59090000391006,0.59340000152588,0.5906999707222,0.59240001440048,0.59240001440048,24952000
2020-01-10,0.5925999879837,0.59299999475479,0.59200000762939,0.59229999780655,0.59229999780655,16631000
2020-01-10,0.59200000762939,0.59200000762939,0.59200000762939,0.59200000762939,0.59200000762939,0
